grp_SpMV_Pipeline_spmv_loop_internal_fu_841,spmv_loop_internal,upc_loop_status1.csv
grp_SpMV_Pipeline_spmv_loop_internal1_fu_857,spmv_loop_internal,upc_loop_status2.csv
grp_SpMV_Pipeline_spmv_loop_internal2_fu_873,spmv_loop_internal,upc_loop_status3.csv
grp_SpMV_Pipeline_spmv_loop_internal3_fu_889,spmv_loop_internal,upc_loop_status4.csv
grp_SpMV_Pipeline_spmv_loop_internal4_fu_905,spmv_loop_internal,upc_loop_status5.csv
grp_SpMV_Pipeline_spmv_loop_internal5_fu_921,spmv_loop_internal,upc_loop_status6.csv
grp_SpMV_Pipeline_spmv_loop_internal6_fu_937,spmv_loop_internal,upc_loop_status7.csv
grp_SpMV_Pipeline_spmv_loop_internal7_fu_953,spmv_loop_internal,upc_loop_status8.csv
grp_SpMV_Pipeline_spmv_loop_internal8_fu_969,spmv_loop_internal,upc_loop_status9.csv
grp_SpMV_Pipeline_spmv_loop_internal9_fu_985,spmv_loop_internal,upc_loop_status10.csv
