,AESL_inst_SpMV,,module_status1.csv
,grp_SpMV_Pipeline_spmv_loop_internal_fu_841,,module_status2.csv
,grp_SpMV_Pipeline_spmv_loop_internal1_fu_857,,module_status3.csv
,grp_SpMV_Pipeline_spmv_loop_internal2_fu_873,,module_status4.csv
,grp_SpMV_Pipeline_spmv_loop_internal3_fu_889,,module_status5.csv
,grp_SpMV_Pipeline_spmv_loop_internal4_fu_905,,module_status6.csv
,grp_SpMV_Pipeline_spmv_loop_internal5_fu_921,,module_status7.csv
,grp_SpMV_Pipeline_spmv_loop_internal6_fu_937,,module_status8.csv
,grp_SpMV_Pipeline_spmv_loop_internal7_fu_953,,module_status9.csv
,grp_SpMV_Pipeline_spmv_loop_internal8_fu_969,,module_status10.csv
,grp_SpMV_Pipeline_spmv_loop_internal9_fu_985,,module_status11.csv
